[
    {
        "model": "selector.song",
        "pk": 1,
        "fields": {
            "title": "I Wish",
            "attribute": "all",
            "difficulty": "EASY",
            "level": 3,
            "artist": "Regulus",
            "style": "5",
            "limited": null,
            "party": false
        }
    },
    {
        "model": "selector.song",
        "pk": 2,
        "fields": {
            "title": "I Wish",
            "attribute": "all",
            "difficulty": "NORMAL",
            "level": 7,
            "artist": "Regulus",
            "style": "5",
            "limited": null,
            "party": false
        }
    },
    {
        "model": "selector.song",
        "pk": 3,
        "fields": {
            "title": "I Wish",
            "attribute": "all",
            "difficulty": "HARD",
            "level": 11,
            "artist": "Regulus",
            "style": "5",
            "limited": null,
            "party": false
        }
    },
    {
        "model": "selector.song",
        "pk": 4,
        "fields": {
            "title": "I Wish",
            "attribute": "all",
            "difficulty": "EXPERT",
            "level": 16,
            "artist": "Regulus",
            "style": "5",
            "limited": null,
            "party": false
        }
    },
    {
        "model": "selector.song",
        "pk": 5,
        "fields": {
            "title": "Draglight",
            "attribute": "all",
            "difficulty": "EASY",
            "level": 4,
            "artist": "Torte",
            "style": "5",
            "limited": null,
            "party": false
        }
    },
    {
        "model": "selector.song",
        "pk": 6,
        "fields": {
            "title": "Draglight",
            "attribute": "all",
            "difficulty": "NORMAL",
            "level": 8,
            "artist": "Torte",
            "style": "5",
            "limited": null,
            "party": false
        }
    },
    {
        "model": "selector.song",
        "pk": 7,
        "fields": {
            "title": "Draglight",
            "attribute": "all",
            "difficulty": "HARD",
            "level": 12,
            "artist": "Torte",
            "style": "5",
            "limited": null,
            "party": false
        }
    },
    {
        "model": "selector.song",
        "pk": 8,
        "fields": {
            "title": "Draglight",
            "attribute": "all",
            "difficulty": "EXPERT",
            "level": 16,
            "artist": "Torte",
            "style": "5",
            "limited": null,
            "party": false
        }
    },
    {
        "model": "selector.song",
        "pk": 9,
        "fields": {
            "title": "Right on!!",
            "attribute": "active",
            "difficulty": "EASY",
            "level": 4,
            "artist": "Regulus",
            "style": "5",
            "limited": null,
            "party": false
        }
    },
    {
        "model": "selector.song",
        "pk": 10,
        "fields": {
            "title": "Right on!!",
            "attribute": "active",
            "difficulty": "NORMAL",
            "level": 8,
            "artist": "Regulus",
            "style": "5",
            "limited": null,
            "party": false
        }
    },
    {
        "model": "selector.song",
        "pk": 11,
        "fields": {
            "title": "Right on!!",
            "attribute": "active",
            "difficulty": "HARD",
            "level": 12,
            "artist": "Regulus",
            "style": "5",
            "limited": null,
            "party": false
        }
    },
    {
        "model": "selector.song",
        "pk": 12,
        "fields": {
            "title": "Right on!!",
            "attribute": "active",
            "difficulty": "EXPERT",
            "level": 17,
            "artist": "Regulus",
            "style": "5",
            "limited": null,
            "party": false
        }
    },
    {
        "model": "selector.song",
        "pk": 13,
        "fields": {
            "title": "僕らの星空",
            "attribute": "cool",
            "difficulty": "EASY",
            "level": 5,
            "artist": "Regulus",
            "style": "5",
            "limited": null,
            "party": false
        }
    },
    {
        "model": "selector.song",
        "pk": 14,
        "fields": {
            "title": "僕らの星空",
            "attribute": "cool",
            "difficulty": "NORMAL",
            "level": 9,
            "artist": "Regulus",
            "style": "5",
            "limited": null,
            "party": false
        }
    },
    {
        "model": "selector.song",
        "pk": 15,
        "fields": {
            "title": "僕らの星空",
            "attribute": "cool",
            "difficulty": "HARD",
            "level": 14,
            "artist": "Regulus",
            "style": "5",
            "limited": null,
            "party": false
        }
    },
    {
        "model": "selector.song",
        "pk": 16,
        "fields": {
            "title": "僕らの星空",
            "attribute": "cool",
            "difficulty": "EXPERT",
            "level": 20,
            "artist": "Regulus",
            "style": "5",
            "limited": null,
            "party": false
        }
    },
    {
        "model": "selector.song",
        "pk": 17,
        "fields": {
            "title": "優しい風",
            "attribute": "pretty",
            "difficulty": "EASY",
            "level": 4,
            "artist": "Regulus",
            "style": "5",
            "limited": null,
            "party": false
        }
    },
    {
        "model": "selector.song",
        "pk": 18,
        "fields": {
            "title": "優しい風",
            "attribute": "pretty",
            "difficulty": "NORMAL",
            "level": 8,
            "artist": "Regulus",
            "style": "5",
            "limited": null,
            "party": false
        }
    },
    {
        "model": "selector.song",
        "pk": 19,
        "fields": {
            "title": "優しい風",
            "attribute": "pretty",
            "difficulty": "HARD",
            "level": 13,
            "artist": "Regulus",
            "style": "5",
            "limited": null,
            "party": false
        }
    },
    {
        "model": "selector.song",
        "pk": 20,
        "fields": {
            "title": "優しい風",
            "attribute": "pretty",
            "difficulty": "EXPERT",
            "level": 17,
            "artist": "Regulus",
            "style": "5",
            "limited": null,
            "party": false
        }
    },
    {
        "model": "selector.song",
        "pk": 21,
        "fields": {
            "title": "サテライト・ラブ",
            "attribute": "all",
            "difficulty": "EASY",
            "level": 4,
            "artist": "Vega",
            "style": "5",
            "limited": null,
            "party": false
        }
    },
    {
        "model": "selector.song",
        "pk": 22,
        "fields": {
            "title": "サテライト・ラブ",
            "attribute": "all",
            "difficulty": "NORMAL",
            "level": 8,
            "artist": "Vega",
            "style": "5",
            "limited": null,
            "party": false
        }
    },
    {
        "model": "selector.song",
        "pk": 23,
        "fields": {
            "title": "サテライト・ラブ",
            "attribute": "all",
            "difficulty": "HARD",
            "level": 13,
            "artist": "Vega",
            "style": "5",
            "limited": null,
            "party": false
        }
    },
    {
        "model": "selector.song",
        "pk": 24,
        "fields": {
            "title": "サテライト・ラブ",
            "attribute": "all",
            "difficulty": "EXPERT",
            "level": 17,
            "artist": "Vega",
            "style": "5",
            "limited": null,
            "party": false
        }
    },
    {
        "model": "selector.song",
        "pk": 25,
        "fields": {
            "title": "ユートピア",
            "attribute": "cool",
            "difficulty": "EASY",
            "level": 5,
            "artist": "Regulus",
            "style": "5",
            "limited": null,
            "party": false
        }
    },
    {
        "model": "selector.song",
        "pk": 26,
        "fields": {
            "title": "ユートピア",
            "attribute": "cool",
            "difficulty": "NORMAL",
            "level": 7,
            "artist": "Regulus",
            "style": "5",
            "limited": null,
            "party": false
        }
    },
    {
        "model": "selector.song",
        "pk": 27,
        "fields": {
            "title": "ユートピア",
            "attribute": "cool",
            "difficulty": "HARD",
            "level": 12,
            "artist": "Regulus",
            "style": "5",
            "limited": null,
            "party": false
        }
    },
    {
        "model": "selector.song",
        "pk": 28,
        "fields": {
            "title": "ユートピア",
            "attribute": "cool",
            "difficulty": "EXPERT",
            "level": 17,
            "artist": "Regulus",
            "style": "5",
            "limited": null,
            "party": false
        }
    },
    {
        "model": "selector.song",
        "pk": 29,
        "fields": {
            "title": "Southern Cross",
            "attribute": "all",
            "difficulty": "EASY",
            "level": 6,
            "artist": "Pudding",
            "style": "5",
            "limited": null,
            "party": false
        }
    },
    {
        "model": "selector.song",
        "pk": 30,
        "fields": {
            "title": "Southern Cross",
            "attribute": "all",
            "difficulty": "NORMAL",
            "level": 10,
            "artist": "Pudding",
            "style": "5",
            "limited": null,
            "party": false
        }
    },
    {
        "model": "selector.song",
        "pk": 31,
        "fields": {
            "title": "Southern Cross",
            "attribute": "all",
            "difficulty": "HARD",
            "level": 14,
            "artist": "Pudding",
            "style": "5",
            "limited": null,
            "party": false
        }
    },
    {
        "model": "selector.song",
        "pk": 32,
        "fields": {
            "title": "Southern Cross",
            "attribute": "all",
            "difficulty": "EXPERT",
            "level": 22,
            "artist": "Pudding",
            "style": "5",
            "limited": null,
            "party": false
        }
    },
    {
        "model": "selector.song",
        "pk": 33,
        "fields": {
            "title": "New World",
            "attribute": "pretty",
            "difficulty": "EASY",
            "level": 3,
            "artist": "Regulus",
            "style": "5",
            "limited": null,
            "party": false
        }
    },
    {
        "model": "selector.song",
        "pk": 34,
        "fields": {
            "title": "New World",
            "attribute": "pretty",
            "difficulty": "NORMAL",
            "level": 8,
            "artist": "Regulus",
            "style": "5",
            "limited": null,
            "party": false
        }
    },
    {
        "model": "selector.song",
        "pk": 35,
        "fields": {
            "title": "New World",
            "attribute": "pretty",
            "difficulty": "HARD",
            "level": 13,
            "artist": "Regulus",
            "style": "5",
            "limited": null,
            "party": false
        }
    },
    {
        "model": "selector.song",
        "pk": 36,
        "fields": {
            "title": "New World",
            "attribute": "pretty",
            "difficulty": "EXPERT",
            "level": 19,
            "artist": "Regulus",
            "style": "5",
            "limited": null,
            "party": false
        }
    },
    {
        "model": "selector.song",
        "pk": 37,
        "fields": {
            "title": "Pop and Jump!",
            "attribute": "active",
            "difficulty": "EASY",
            "level": 4,
            "artist": "Regulus",
            "style": "5",
            "limited": null,
            "party": false
        }
    },
    {
        "model": "selector.song",
        "pk": 38,
        "fields": {
            "title": "Pop and Jump!",
            "attribute": "active",
            "difficulty": "NORMAL",
            "level": 9,
            "artist": "Regulus",
            "style": "5",
            "limited": null,
            "party": false
        }
    },
    {
        "model": "selector.song",
        "pk": 39,
        "fields": {
            "title": "Pop and Jump!",
            "attribute": "active",
            "difficulty": "HARD",
            "level": 13,
            "artist": "Regulus",
            "style": "5",
            "limited": null,
            "party": false
        }
    },
    {
        "model": "selector.song",
        "pk": 40,
        "fields": {
            "title": "Pop and Jump!",
            "attribute": "active",
            "difficulty": "EXPERT",
            "level": 20,
            "artist": "Regulus",
            "style": "5",
            "limited": null,
            "party": false
        }
    },
    {
        "model": "selector.song",
        "pk": 41,
        "fields": {
            "title": "蒼のメモリー",
            "attribute": "cool",
            "difficulty": "EASY",
            "level": 4,
            "artist": "Regulus",
            "style": "5",
            "limited": null,
            "party": false
        }
    },
    {
        "model": "selector.song",
        "pk": 42,
        "fields": {
            "title": "蒼のメモリー",
            "attribute": "cool",
            "difficulty": "NORMAL",
            "level": 9,
            "artist": "Regulus",
            "style": "5",
            "limited": null,
            "party": false
        }
    },
    {
        "model": "selector.song",
        "pk": 43,
        "fields": {
            "title": "蒼のメモリー",
            "attribute": "cool",
            "difficulty": "HARD",
            "level": 12,
            "artist": "Regulus",
            "style": "5",
            "limited": null,
            "party": false
        }
    },
    {
        "model": "selector.song",
        "pk": 44,
        "fields": {
            "title": "蒼のメモリー",
            "attribute": "cool",
            "difficulty": "EXPERT",
            "level": 19,
            "artist": "Regulus",
            "style": "5",
            "limited": null,
            "party": false
        }
    },
    {
        "model": "selector.song",
        "pk": 45,
        "fields": {
            "title": "キラキラ☆",
            "attribute": "pretty",
            "difficulty": "EASY",
            "level": 5,
            "artist": "Torte",
            "style": "5",
            "limited": null,
            "party": false
        }
    },
    {
        "model": "selector.song",
        "pk": 46,
        "fields": {
            "title": "キラキラ☆",
            "attribute": "pretty",
            "difficulty": "NORMAL",
            "level": 8,
            "artist": "Torte",
            "style": "5",
            "limited": null,
            "party": false
        }
    },
    {
        "model": "selector.song",
        "pk": 47,
        "fields": {
            "title": "キラキラ☆",
            "attribute": "pretty",
            "difficulty": "HARD",
            "level": 12,
            "artist": "Torte",
            "style": "5",
            "limited": null,
            "party": false
        }
    },
    {
        "model": "selector.song",
        "pk": 48,
        "fields": {
            "title": "キラキラ☆",
            "attribute": "pretty",
            "difficulty": "EXPERT",
            "level": 16,
            "artist": "Torte",
            "style": "5",
            "limited": null,
            "party": false
        }
    },
    {
        "model": "selector.song",
        "pk": 49,
        "fields": {
            "title": "Believe In Yourself",
            "attribute": "all",
            "difficulty": "EASY",
            "level": 4,
            "artist": "Pudding",
            "style": "5",
            "limited": null,
            "party": false
        }
    },
    {
        "model": "selector.song",
        "pk": 50,
        "fields": {
            "title": "Believe In Yourself",
            "attribute": "all",
            "difficulty": "NORMAL",
            "level": 8,
            "artist": "Pudding",
            "style": "5",
            "limited": null,
            "party": false
        }
    },
    {
        "model": "selector.song",
        "pk": 51,
        "fields": {
            "title": "Believe In Yourself",
            "attribute": "all",
            "difficulty": "HARD",
            "level": 13,
            "artist": "Pudding",
            "style": "5",
            "limited": null,
            "party": false
        }
    },
    {
        "model": "selector.song",
        "pk": 52,
        "fields": {
            "title": "Believe In Yourself",
            "attribute": "all",
            "difficulty": "EXPERT",
            "level": 18,
            "artist": "Pudding",
            "style": "5",
            "limited": null,
            "party": false
        }
    },
    {
        "model": "selector.song",
        "pk": 53,
        "fields": {
            "title": "Step!",
            "attribute": "active",
            "difficulty": "EASY",
            "level": 5,
            "artist": "Regulus",
            "style": "5",
            "limited": null,
            "party": false
        }
    },
    {
        "model": "selector.song",
        "pk": 54,
        "fields": {
            "title": "Step!",
            "attribute": "active",
            "difficulty": "NORMAL",
            "level": 9,
            "artist": "Regulus",
            "style": "5",
            "limited": null,
            "party": false
        }
    },
    {
        "model": "selector.song",
        "pk": 55,
        "fields": {
            "title": "Step!",
            "attribute": "active",
            "difficulty": "HARD",
            "level": 14,
            "artist": "Regulus",
            "style": "5",
            "limited": null,
            "party": false
        }
    },
    {
        "model": "selector.song",
        "pk": 56,
        "fields": {
            "title": "Step!",
            "attribute": "active",
            "difficulty": "EXPERT",
            "level": 21,
            "artist": "Regulus",
            "style": "5",
            "limited": null,
            "party": false
        }
    },
    {
        "model": "selector.song",
        "pk": 57,
        "fields": {
            "title": "ミラクルワンダーランド",
            "attribute": "active",
            "difficulty": "EASY",
            "level": 4,
            "artist": "Regulus",
            "style": "5",
            "limited": null,
            "party": false
        }
    },
    {
        "model": "selector.song",
        "pk": 58,
        "fields": {
            "title": "ミラクルワンダーランド",
            "attribute": "active",
            "difficulty": "NORMAL",
            "level": 10,
            "artist": "Regulus",
            "style": "5",
            "limited": null,
            "party": false
        }
    },
    {
        "model": "selector.song",
        "pk": 59,
        "fields": {
            "title": "ミラクルワンダーランド",
            "attribute": "active",
            "difficulty": "HARD",
            "level": 13,
            "artist": "Regulus",
            "style": "5",
            "limited": null,
            "party": false
        }
    },
    {
        "model": "selector.song",
        "pk": 60,
        "fields": {
            "title": "ミラクルワンダーランド",
            "attribute": "active",
            "difficulty": "EXPERT",
            "level": 19,
            "artist": "Regulus",
            "style": "5",
            "limited": null,
            "party": false
        }
    },
    {
        "model": "selector.song",
        "pk": 61,
        "fields": {
            "title": "ハートビーツ",
            "attribute": "all",
            "difficulty": "EASY",
            "level": 5,
            "artist": "Sirius",
            "style": "5",
            "limited": null,
            "party": false
        }
    },
    {
        "model": "selector.song",
        "pk": 62,
        "fields": {
            "title": "ハートビーツ",
            "attribute": "all",
            "difficulty": "NORMAL",
            "level": 8,
            "artist": "Sirius",
            "style": "5",
            "limited": null,
            "party": false
        }
    },
    {
        "model": "selector.song",
        "pk": 63,
        "fields": {
            "title": "ハートビーツ",
            "attribute": "all",
            "difficulty": "HARD",
            "level": 13,
            "artist": "Sirius",
            "style": "5",
            "limited": null,
            "party": false
        }
    },
    {
        "model": "selector.song",
        "pk": 64,
        "fields": {
            "title": "ハートビーツ",
            "attribute": "all",
            "difficulty": "EXPERT",
            "level": 19,
            "artist": "Sirius",
            "style": "5",
            "limited": null,
            "party": false
        }
    },
    {
        "model": "selector.song",
        "pk": 65,
        "fields": {
            "title": "オルヴォワール　プラネット",
            "attribute": "pretty",
            "difficulty": "EASY",
            "level": 4,
            "artist": "Regulus",
            "style": "5",
            "limited": null,
            "party": false
        }
    },
    {
        "model": "selector.song",
        "pk": 66,
        "fields": {
            "title": "オルヴォワール　プラネット",
            "attribute": "pretty",
            "difficulty": "NORMAL",
            "level": 9,
            "artist": "Regulus",
            "style": "5",
            "limited": null,
            "party": false
        }
    },
    {
        "model": "selector.song",
        "pk": 67,
        "fields": {
            "title": "オルヴォワール　プラネット",
            "attribute": "pretty",
            "difficulty": "HARD",
            "level": 14,
            "artist": "Regulus",
            "style": "5",
            "limited": null,
            "party": false
        }
    },
    {
        "model": "selector.song",
        "pk": 68,
        "fields": {
            "title": "オルヴォワール　プラネット",
            "attribute": "pretty",
            "difficulty": "EXPERT",
            "level": 18,
            "artist": "Regulus",
            "style": "5",
            "limited": null,
            "party": false
        }
    },
    {
        "model": "selector.song",
        "pk": 69,
        "fields": {
            "title": "ミチ☆ミチル",
            "attribute": "all",
            "difficulty": "EASY",
            "level": 5,
            "artist": "Regulus",
            "style": "5",
            "limited": null,
            "party": false
        }
    },
    {
        "model": "selector.song",
        "pk": 70,
        "fields": {
            "title": "ミチ☆ミチル",
            "attribute": "all",
            "difficulty": "NORMAL",
            "level": 9,
            "artist": "Regulus",
            "style": "5",
            "limited": null,
            "party": false
        }
    },
    {
        "model": "selector.song",
        "pk": 71,
        "fields": {
            "title": "ミチ☆ミチル",
            "attribute": "all",
            "difficulty": "HARD",
            "level": 13,
            "artist": "Regulus",
            "style": "5",
            "limited": null,
            "party": false
        }
    },
    {
        "model": "selector.song",
        "pk": 72,
        "fields": {
            "title": "ミチ☆ミチル",
            "attribute": "all",
            "difficulty": "EXPERT",
            "level": 19,
            "artist": "Regulus",
            "style": "5",
            "limited": null,
            "party": false
        }
    },
    {
        "model": "selector.song",
        "pk": 73,
        "fields": {
            "title": "Happy Go Lucky",
            "attribute": "active",
            "difficulty": "EASY",
            "level": 4,
            "artist": "Regulus",
            "style": "5",
            "limited": null,
            "party": false
        }
    },
    {
        "model": "selector.song",
        "pk": 74,
        "fields": {
            "title": "Happy Go Lucky",
            "attribute": "active",
            "difficulty": "NORMAL",
            "level": 9,
            "artist": "Regulus",
            "style": "5",
            "limited": null,
            "party": false
        }
    },
    {
        "model": "selector.song",
        "pk": 75,
        "fields": {
            "title": "Happy Go Lucky",
            "attribute": "active",
            "difficulty": "HARD",
            "level": 14,
            "artist": "Regulus",
            "style": "5",
            "limited": null,
            "party": false
        }
    },
    {
        "model": "selector.song",
        "pk": 76,
        "fields": {
            "title": "Happy Go Lucky",
            "attribute": "active",
            "difficulty": "EXPERT",
            "level": 20,
            "artist": "Regulus",
            "style": "5",
            "limited": null,
            "party": false
        }
    },
    {
        "model": "selector.song",
        "pk": 77,
        "fields": {
            "title": "Mystic Girl",
            "attribute": "cool",
            "difficulty": "EASY",
            "level": 6,
            "artist": "Vega",
            "style": "5",
            "limited": null,
            "party": false
        }
    },
    {
        "model": "selector.song",
        "pk": 78,
        "fields": {
            "title": "Mystic Girl",
            "attribute": "cool",
            "difficulty": "NORMAL",
            "level": 10,
            "artist": "Vega",
            "style": "5",
            "limited": null,
            "party": false
        }
    },
    {
        "model": "selector.song",
        "pk": 79,
        "fields": {
            "title": "Mystic Girl",
            "attribute": "cool",
            "difficulty": "HARD",
            "level": 14,
            "artist": "Vega",
            "style": "5",
            "limited": null,
            "party": false
        }
    },
    {
        "model": "selector.song",
        "pk": 80,
        "fields": {
            "title": "Mystic Girl",
            "attribute": "cool",
            "difficulty": "EXPERT",
            "level": 21,
            "artist": "Vega",
            "style": "5",
            "limited": null,
            "party": false
        }
    },
    {
        "model": "selector.song",
        "pk": 81,
        "fields": {
            "title": "つながる想い",
            "attribute": "all",
            "difficulty": "EASY",
            "level": 6,
            "artist": "Regulus",
            "style": "5",
            "limited": null,
            "party": false
        }
    },
    {
        "model": "selector.song",
        "pk": 82,
        "fields": {
            "title": "つながる想い",
            "attribute": "all",
            "difficulty": "NORMAL",
            "level": 10,
            "artist": "Regulus",
            "style": "5",
            "limited": null,
            "party": false
        }
    },
    {
        "model": "selector.song",
        "pk": 83,
        "fields": {
            "title": "つながる想い",
            "attribute": "all",
            "difficulty": "HARD",
            "level": 14,
            "artist": "Regulus",
            "style": "5",
            "limited": null,
            "party": false
        }
    },
    {
        "model": "selector.song",
        "pk": 84,
        "fields": {
            "title": "つながる想い",
            "attribute": "all",
            "difficulty": "EXPERT",
            "level": 22,
            "artist": "Regulus",
            "style": "5",
            "limited": null,
            "party": false
        }
    },
    {
        "model": "selector.song",
        "pk": 85,
        "fields": {
            "title": "無敵のメロディ",
            "attribute": "active",
            "difficulty": "EASY",
            "level": 6,
            "artist": "Torte",
            "style": "5",
            "limited": null,
            "party": false
        }
    },
    {
        "model": "selector.song",
        "pk": 86,
        "fields": {
            "title": "無敵のメロディ",
            "attribute": "active",
            "difficulty": "NORMAL",
            "level": 10,
            "artist": "Torte",
            "style": "5",
            "limited": null,
            "party": false
        }
    },
    {
        "model": "selector.song",
        "pk": 87,
        "fields": {
            "title": "無敵のメロディ",
            "attribute": "active",
            "difficulty": "HARD",
            "level": 13,
            "artist": "Torte",
            "style": "5",
            "limited": null,
            "party": false
        }
    },
    {
        "model": "selector.song",
        "pk": 88,
        "fields": {
            "title": "無敵のメロディ",
            "attribute": "active",
            "difficulty": "EXPERT",
            "level": 19,
            "artist": "Torte",
            "style": "5",
            "limited": null,
            "party": false
        }
    },
    {
        "model": "selector.song",
        "pk": 89,
        "fields": {
            "title": "晴空キラリ",
            "attribute": "active",
            "difficulty": "EASY",
            "level": 5,
            "artist": "Kaoru & Istumi",
            "style": "5",
            "limited": null,
            "party": true
        }
    },
    {
        "model": "selector.song",
        "pk": 90,
        "fields": {
            "title": "晴空キラリ",
            "attribute": "active",
            "difficulty": "NORMAL",
            "level": 9,
            "artist": "Kaoru & Istumi",
            "style": "5",
            "limited": null,
            "party": true
        }
    },
    {
        "model": "selector.song",
        "pk": 91,
        "fields": {
            "title": "晴空キラリ",
            "attribute": "active",
            "difficulty": "HARD",
            "level": 14,
            "artist": "Kaoru & Istumi",
            "style": "5",
            "limited": null,
            "party": true
        }
    },
    {
        "model": "selector.song",
        "pk": 92,
        "fields": {
            "title": "晴空キラリ",
            "attribute": "active",
            "difficulty": "EXPERT",
            "level": 21,
            "artist": "Kaoru & Istumi",
            "style": "5",
            "limited": null,
            "party": true
        }
    },
    {
        "model": "selector.song",
        "pk": 93,
        "fields": {
            "title": "I'll never cry",
            "attribute": "all",
            "difficulty": "EASY",
            "level": 5,
            "artist": "Io & Amane",
            "style": "2",
            "limited": null,
            "party": true
        }
    },
    {
        "model": "selector.song",
        "pk": 94,
        "fields": {
            "title": "I'll never cry",
            "attribute": "all",
            "difficulty": "NORMAL",
            "level": 8,
            "artist": "Io & Amane",
            "style": "2",
            "limited": null,
            "party": true
        }
    },
    {
        "model": "selector.song",
        "pk": 95,
        "fields": {
            "title": "I'll never cry",
            "attribute": "all",
            "difficulty": "HARD",
            "level": 13,
            "artist": "Io & Amane",
            "style": "2",
            "limited": null,
            "party": true
        }
    },
    {
        "model": "selector.song",
        "pk": 96,
        "fields": {
            "title": "I'll never cry",
            "attribute": "all",
            "difficulty": "EXPERT",
            "level": 20,
            "artist": "Io & Amane",
            "style": "2",
            "limited": null,
            "party": true
        }
    },
    {
        "model": "selector.song",
        "pk": 97,
        "fields": {
            "title": "Snow Planet",
            "attribute": "cool",
            "difficulty": "EASY",
            "level": 6,
            "artist": "Regulus",
            "style": "5",
            "limited": null,
            "party": true
        }
    },
    {
        "model": "selector.song",
        "pk": 98,
        "fields": {
            "title": "Snow Planet",
            "attribute": "cool",
            "difficulty": "NORMAL",
            "level": 8,
            "artist": "Regulus",
            "style": "5",
            "limited": null,
            "party": true
        }
    },
    {
        "model": "selector.song",
        "pk": 99,
        "fields": {
            "title": "Snow Planet",
            "attribute": "cool",
            "difficulty": "HARD",
            "level": 13,
            "artist": "Regulus",
            "style": "5",
            "limited": null,
            "party": true
        }
    },
    {
        "model": "selector.song",
        "pk": 100,
        "fields": {
            "title": "Snow Planet",
            "attribute": "cool",
            "difficulty": "EXPERT",
            "level": 19,
            "artist": "Regulus",
            "style": "5",
            "limited": null,
            "party": true
        }
    },
    {
        "model": "selector.song",
        "pk": 101,
        "fields": {
            "title": "Touch The Stars",
            "attribute": "all",
            "difficulty": "EASY",
            "level": 5,
            "artist": "Mano & Sasa",
            "style": "2",
            "limited": null,
            "party": true
        }
    },
    {
        "model": "selector.song",
        "pk": 102,
        "fields": {
            "title": "Touch The Stars",
            "attribute": "all",
            "difficulty": "NORMAL",
            "level": 8,
            "artist": "Mano & Sasa",
            "style": "2",
            "limited": null,
            "party": true
        }
    },
    {
        "model": "selector.song",
        "pk": 103,
        "fields": {
            "title": "Touch The Stars",
            "attribute": "all",
            "difficulty": "HARD",
            "level": 13,
            "artist": "Mano & Sasa",
            "style": "2",
            "limited": null,
            "party": true
        }
    },
    {
        "model": "selector.song",
        "pk": 104,
        "fields": {
            "title": "Touch The Stars",
            "attribute": "all",
            "difficulty": "EXPERT",
            "level": 19,
            "artist": "Mano & Sasa",
            "style": "2",
            "limited": null,
            "party": true
        }
    },
    {
        "model": "selector.song",
        "pk": 105,
        "fields": {
            "title": "Make A Wish",
            "attribute": "cool",
            "difficulty": "EASY",
            "level": 5,
            "artist": "Kasumi & Hazuki",
            "style": "2",
            "limited": null,
            "party": true
        }
    },
    {
        "model": "selector.song",
        "pk": 106,
        "fields": {
            "title": "Make A Wish",
            "attribute": "cool",
            "difficulty": "NORMAL",
            "level": 9,
            "artist": "Kasumi & Hazuki",
            "style": "2",
            "limited": null,
            "party": true
        }
    },
    {
        "model": "selector.song",
        "pk": 107,
        "fields": {
            "title": "Make A Wish",
            "attribute": "cool",
            "difficulty": "HARD",
            "level": 13,
            "artist": "Kasumi & Hazuki",
            "style": "2",
            "limited": null,
            "party": true
        }
    },
    {
        "model": "selector.song",
        "pk": 108,
        "fields": {
            "title": "Make A Wish",
            "attribute": "cool",
            "difficulty": "EXPERT",
            "level": 19,
            "artist": "Kasumi & Hazuki",
            "style": "2",
            "limited": null,
            "party": true
        }
    },
    {
        "model": "selector.song",
        "pk": 109,
        "fields": {
            "title": "もしもの私",
            "attribute": "all",
            "difficulty": "EASY",
            "level": 4,
            "artist": "Akari & Tsubame & Amane & Hazuki & Niho",
            "style": "5",
            "limited": null,
            "party": true
        }
    },
    {
        "model": "selector.song",
        "pk": 110,
        "fields": {
            "title": "もしもの私",
            "attribute": "all",
            "difficulty": "NORMAL",
            "level": 8,
            "artist": "Akari & Tsubame & Amane & Hazuki & Niho",
            "style": "5",
            "limited": null,
            "party": true
        }
    },
    {
        "model": "selector.song",
        "pk": 111,
        "fields": {
            "title": "もしもの私",
            "attribute": "all",
            "difficulty": "HARD",
            "level": 11,
            "artist": "Akari & Tsubame & Amane & Hazuki & Niho",
            "style": "5",
            "limited": null,
            "party": true
        }
    },
    {
        "model": "selector.song",
        "pk": 112,
        "fields": {
            "title": "もしもの私",
            "attribute": "all",
            "difficulty": "EXPERT",
            "level": 16,
            "artist": "Akari & Tsubame & Amane & Hazuki & Niho",
            "style": "5",
            "limited": null,
            "party": true
        }
    },
    {
        "model": "selector.song",
        "pk": 113,
        "fields": {
            "title": "Daily Miracle",
            "attribute": "active",
            "difficulty": "EASY",
            "level": 4,
            "artist": "Regulus",
            "style": "5",
            "limited": "Tue",
            "party": false
        }
    },
    {
        "model": "selector.song",
        "pk": 114,
        "fields": {
            "title": "Daily Miracle",
            "attribute": "active",
            "difficulty": "NORMAL",
            "level": 9,
            "artist": "Regulus",
            "style": "5",
            "limited": "Tue",
            "party": false
        }
    },
    {
        "model": "selector.song",
        "pk": 115,
        "fields": {
            "title": "Daily Miracle",
            "attribute": "active",
            "difficulty": "HARD",
            "level": 12,
            "artist": "Regulus",
            "style": "5",
            "limited": "Tue",
            "party": false
        }
    },
    {
        "model": "selector.song",
        "pk": 116,
        "fields": {
            "title": "Daily Miracle",
            "attribute": "active",
            "difficulty": "EXPERT",
            "level": 18,
            "artist": "Regulus",
            "style": "5",
            "limited": "Tue",
            "party": false
        }
    },
    {
        "model": "selector.song",
        "pk": 117,
        "fields": {
            "title": "Daily Miracle",
            "attribute": "cool",
            "difficulty": "EASY",
            "level": 4,
            "artist": "Regulus",
            "style": "5",
            "limited": "Wed",
            "party": false
        }
    },
    {
        "model": "selector.song",
        "pk": 118,
        "fields": {
            "title": "Daily Miracle",
            "attribute": "cool",
            "difficulty": "NORMAL",
            "level": 9,
            "artist": "Regulus",
            "style": "5",
            "limited": "Wed",
            "party": false
        }
    },
    {
        "model": "selector.song",
        "pk": 119,
        "fields": {
            "title": "Daily Miracle",
            "attribute": "cool",
            "difficulty": "HARD",
            "level": 12,
            "artist": "Regulus",
            "style": "5",
            "limited": "Wed",
            "party": false
        }
    },
    {
        "model": "selector.song",
        "pk": 120,
        "fields": {
            "title": "Daily Miracle",
            "attribute": "cool",
            "difficulty": "EXPERT",
            "level": 18,
            "artist": "Regulus",
            "style": "5",
            "limited": "Wed",
            "party": false
        }
    },
    {
        "model": "selector.song",
        "pk": 121,
        "fields": {
            "title": "Daily Miracle",
            "attribute": "pretty",
            "difficulty": "EASY",
            "level": 4,
            "artist": "Regulus",
            "style": "5",
            "limited": "Thu",
            "party": false
        }
    },
    {
        "model": "selector.song",
        "pk": 122,
        "fields": {
            "title": "Daily Miracle",
            "attribute": "pretty",
            "difficulty": "NORMAL",
            "level": 9,
            "artist": "Regulus",
            "style": "5",
            "limited": "Thu",
            "party": false
        }
    },
    {
        "model": "selector.song",
        "pk": 123,
        "fields": {
            "title": "Daily Miracle",
            "attribute": "pretty",
            "difficulty": "HARD",
            "level": 12,
            "artist": "Regulus",
            "style": "5",
            "limited": "Thu",
            "party": false
        }
    },
    {
        "model": "selector.song",
        "pk": 124,
        "fields": {
            "title": "Daily Miracle",
            "attribute": "pretty",
            "difficulty": "EXPERT",
            "level": 18,
            "artist": "Regulus",
            "style": "5",
            "limited": "Thu",
            "party": false
        }
    },
    {
        "model": "selector.song",
        "pk": 125,
        "fields": {
            "title": "Daily Miracle",
            "attribute": "all",
            "difficulty": "EASY",
            "level": 4,
            "artist": "Regulus",
            "style": "5",
            "limited": "Fri",
            "party": false
        }
    },
    {
        "model": "selector.song",
        "pk": 126,
        "fields": {
            "title": "Daily Miracle",
            "attribute": "all",
            "difficulty": "NORMAL",
            "level": 9,
            "artist": "Regulus",
            "style": "5",
            "limited": "Fri",
            "party": false
        }
    },
    {
        "model": "selector.song",
        "pk": 127,
        "fields": {
            "title": "Daily Miracle",
            "attribute": "all",
            "difficulty": "HARD",
            "level": 12,
            "artist": "Regulus",
            "style": "5",
            "limited": "Fri",
            "party": false
        }
    },
    {
        "model": "selector.song",
        "pk": 128,
        "fields": {
            "title": "Daily Miracle",
            "attribute": "all",
            "difficulty": "EXPERT",
            "level": 18,
            "artist": "Regulus",
            "style": "5",
            "limited": "Fri",
            "party": false
        }
    },
    {
        "model": "selector.song",
        "pk": 129,
        "fields": {
            "title": "例えば君の未来が",
            "attribute": "all",
            "difficulty": "EASY",
            "level": 5,
            "artist": "Akari & Tsubame",
            "style": "5",
            "limited": "Thu",
            "party": false
        }
    },
    {
        "model": "selector.song",
        "pk": 130,
        "fields": {
            "title": "例えば君の未来が",
            "attribute": "all",
            "difficulty": "NORMAL",
            "level": 9,
            "artist": "Akari & Tsubame",
            "style": "5",
            "limited": "Thu",
            "party": false
        }
    },
    {
        "model": "selector.song",
        "pk": 131,
        "fields": {
            "title": "例えば君の未来が",
            "attribute": "all",
            "difficulty": "HARD",
            "level": 13,
            "artist": "Akari & Tsubame",
            "style": "5",
            "limited": "Thu",
            "party": false
        }
    },
    {
        "model": "selector.song",
        "pk": 132,
        "fields": {
            "title": "例えば君の未来が",
            "attribute": "all",
            "difficulty": "EXPERT",
            "level": 19,
            "artist": "Akari & Tsubame",
            "style": "5",
            "limited": "Thu",
            "party": false
        }
    },
    {
        "model": "selector.song",
        "pk": 133,
        "fields": {
            "title": "Denshin!",
            "attribute": "pretty",
            "difficulty": "EASY",
            "level": 6,
            "artist": "Satoka & Ako",
            "style": "5",
            "limited": "Fri",
            "party": false
        }
    },
    {
        "model": "selector.song",
        "pk": 134,
        "fields": {
            "title": "Denshin!",
            "attribute": "pretty",
            "difficulty": "NORMAL",
            "level": 9,
            "artist": "Satoka & Ako",
            "style": "5",
            "limited": "Fri",
            "party": false
        }
    },
    {
        "model": "selector.song",
        "pk": 135,
        "fields": {
            "title": "Denshin!",
            "attribute": "pretty",
            "difficulty": "HARD",
            "level": 13,
            "artist": "Satoka & Ako",
            "style": "5",
            "limited": "Fri",
            "party": false
        }
    },
    {
        "model": "selector.song",
        "pk": 136,
        "fields": {
            "title": "Denshin!",
            "attribute": "pretty",
            "difficulty": "EXPERT",
            "level": 20,
            "artist": "Satoka & Ako",
            "style": "5",
            "limited": "Fri",
            "party": false
        }
    },
    {
        "model": "selector.song",
        "pk": 137,
        "fields": {
            "title": "Horizon",
            "attribute": "cool",
            "difficulty": "EASY",
            "level": 5,
            "artist": "Nagisa & Mari",
            "style": "5",
            "limited": "Tue",
            "party": false
        }
    },
    {
        "model": "selector.song",
        "pk": 138,
        "fields": {
            "title": "Horizon",
            "attribute": "cool",
            "difficulty": "NORMAL",
            "level": 9,
            "artist": "Nagisa & Mari",
            "style": "5",
            "limited": "Tue",
            "party": false
        }
    },
    {
        "model": "selector.song",
        "pk": 139,
        "fields": {
            "title": "Horizon",
            "attribute": "cool",
            "difficulty": "HARD",
            "level": 13,
            "artist": "Nagisa & Mari",
            "style": "5",
            "limited": "Tue",
            "party": false
        }
    },
    {
        "model": "selector.song",
        "pk": 140,
        "fields": {
            "title": "Horizon",
            "attribute": "cool",
            "difficulty": "EXPERT",
            "level": 20,
            "artist": "Nagisa & Mari",
            "style": "5",
            "limited": "Tue",
            "party": false
        }
    },
    {
        "model": "selector.song",
        "pk": 141,
        "fields": {
            "title": "舞いコレ",
            "attribute": "active",
            "difficulty": "EASY",
            "level": 5,
            "artist": "Yumi & Ryoko",
            "style": "2",
            "limited": "Wed",
            "party": false
        }
    },
    {
        "model": "selector.song",
        "pk": 142,
        "fields": {
            "title": "舞いコレ",
            "attribute": "active",
            "difficulty": "NORMAL",
            "level": 9,
            "artist": "Yumi & Ryoko",
            "style": "2",
            "limited": "Wed",
            "party": false
        }
    },
    {
        "model": "selector.song",
        "pk": 143,
        "fields": {
            "title": "舞いコレ",
            "attribute": "active",
            "difficulty": "HARD",
            "level": 13,
            "artist": "Yumi & Ryoko",
            "style": "2",
            "limited": "Wed",
            "party": false
        }
    },
    {
        "model": "selector.song",
        "pk": 144,
        "fields": {
            "title": "舞いコレ",
            "attribute": "active",
            "difficulty": "EXPERT",
            "level": 21,
            "artist": "Yumi & Ryoko",
            "style": "2",
            "limited": "Wed",
            "party": false
        }
    },
    {
        "model": "selector.song",
        "pk": 145,
        "fields": {
            "title": "キミ、ボク、恋してる！",
            "attribute": "all",
            "difficulty": "EASY",
            "level": 4,
            "artist": "Mao & Hina",
            "style": "2",
            "limited": "Fri",
            "party": false
        }
    },
    {
        "model": "selector.song",
        "pk": 146,
        "fields": {
            "title": "キミ、ボク、恋してる！",
            "attribute": "all",
            "difficulty": "NORMAL",
            "level": 8,
            "artist": "Mao & Hina",
            "style": "2",
            "limited": "Fri",
            "party": false
        }
    },
    {
        "model": "selector.song",
        "pk": 147,
        "fields": {
            "title": "キミ、ボク、恋してる！",
            "attribute": "all",
            "difficulty": "HARD",
            "level": 14,
            "artist": "Mao & Hina",
            "style": "2",
            "limited": "Fri",
            "party": false
        }
    },
    {
        "model": "selector.song",
        "pk": 148,
        "fields": {
            "title": "キミ、ボク、恋してる！",
            "attribute": "all",
            "difficulty": "EXPERT",
            "level": 20,
            "artist": "Mao & Hina",
            "style": "2",
            "limited": "Fri",
            "party": false
        }
    },
    {
        "model": "selector.song",
        "pk": 149,
        "fields": {
            "title": "ミライクル！！Miracle☆",
            "attribute": "pretty",
            "difficulty": "EASY",
            "level": 6,
            "artist": "Mao & Mana",
            "style": "5",
            "limited": "Thu",
            "party": false
        }
    },
    {
        "model": "selector.song",
        "pk": 150,
        "fields": {
            "title": "ミライクル！！Miracle☆",
            "attribute": "pretty",
            "difficulty": "NORMAL",
            "level": 8,
            "artist": "Mao & Mana",
            "style": "5",
            "limited": "Thu",
            "party": false
        }
    },
    {
        "model": "selector.song",
        "pk": 151,
        "fields": {
            "title": "ミライクル！！Miracle☆",
            "attribute": "pretty",
            "difficulty": "HARD",
            "level": 14,
            "artist": "Mao & Mana",
            "style": "5",
            "limited": "Thu",
            "party": false
        }
    },
    {
        "model": "selector.song",
        "pk": 152,
        "fields": {
            "title": "ミライクル！！Miracle☆",
            "attribute": "pretty",
            "difficulty": "EXPERT",
            "level": 18,
            "artist": "Mao & Mana",
            "style": "5",
            "limited": "Thu",
            "party": false
        }
    },
    {
        "model": "selector.song",
        "pk": 153,
        "fields": {
            "title": "Sweet Switch",
            "attribute": "pretty",
            "difficulty": "EASY",
            "level": 5,
            "artist": "Kagari & Kori",
            "style": "2",
            "limited": "Tue",
            "party": false
        }
    },
    {
        "model": "selector.song",
        "pk": 154,
        "fields": {
            "title": "Sweet Switch",
            "attribute": "pretty",
            "difficulty": "NORMAL",
            "level": 9,
            "artist": "Kagari & Kori",
            "style": "2",
            "limited": "Tue",
            "party": false
        }
    },
    {
        "model": "selector.song",
        "pk": 155,
        "fields": {
            "title": "Sweet Switch",
            "attribute": "pretty",
            "difficulty": "HARD",
            "level": 13,
            "artist": "Kagari & Kori",
            "style": "2",
            "limited": "Tue",
            "party": false
        }
    },
    {
        "model": "selector.song",
        "pk": 156,
        "fields": {
            "title": "Sweet Switch",
            "attribute": "pretty",
            "difficulty": "EXPERT",
            "level": 20,
            "artist": "Kagari & Kori",
            "style": "2",
            "limited": "Tue",
            "party": false
        }
    },
    {
        "model": "selector.song",
        "pk": 157,
        "fields": {
            "title": "Break Out of My Shell",
            "attribute": "cool",
            "difficulty": "EASY",
            "level": 6,
            "artist": "Imina & Haruka",
            "style": "2",
            "limited": "Wed",
            "party": false
        }
    },
    {
        "model": "selector.song",
        "pk": 158,
        "fields": {
            "title": "Break Out of My Shell",
            "attribute": "cool",
            "difficulty": "NORMAL",
            "level": 9,
            "artist": "Imina & Haruka",
            "style": "2",
            "limited": "Wed",
            "party": false
        }
    },
    {
        "model": "selector.song",
        "pk": 159,
        "fields": {
            "title": "Break Out of My Shell",
            "attribute": "cool",
            "difficulty": "HARD",
            "level": 14,
            "artist": "Imina & Haruka",
            "style": "2",
            "limited": "Wed",
            "party": false
        }
    },
    {
        "model": "selector.song",
        "pk": 160,
        "fields": {
            "title": "Break Out of My Shell",
            "attribute": "cool",
            "difficulty": "EXPERT",
            "level": 19,
            "artist": "Imina & Haruka",
            "style": "2",
            "limited": "Wed",
            "party": false
        }
    },
    {
        "model": "Albam.albam",
        "pk": 3,
        "fields": {
            "name": "水沢薫誕生祭",
            "description": "スクメロのキャラクター「水沢薫」の\r\n誕生日を祝う企画のときに制作された画像のアルバムです。",
            "btn_class": "kaoru",
            "order_rule": false,
            "jumbotron_image": null,
            "updated_at": "2018-09-10T00:00:00Z"
        }
    },
    {
        "model": "Albam.albam",
        "pk": 4,
        "fields": {
            "name": "馬場なつみ誕生祭",
            "description": "スクメロのキャラクター「水沢薫」の声優を担当された\r\n声優「馬場なつみ」さんの誕生祭の企画で\r\n制作された画像をアルバムとしてまとめています。",
            "btn_class": "akari",
            "order_rule": false,
            "jumbotron_image": null,
            "updated_at": "2018-09-02T00:00:00Z"
        }
    },
    {
        "model": "Albam.albam",
        "pk": 5,
        "fields": {
            "name": "馬場なつみの新たな旅立ち",
            "description": "2019年3月31日に所属事務所を退所される\r\n馬場なつみさんの旅立ちを\r\n盛大にしようとザンさん企画の元\r\n有志の方々が絵やコメントを贈りました。\r\nそれを集め、アルバムに残します。",
            "btn_class": "akari",
            "order_rule": false,
            "jumbotron_image": 24,
            "updated_at": "2019-03-30T18:19:59Z"
        }
    },
    {
        "model": "Albam.card",
        "pk": 1,
        "fields": {
            "albam": 3,
            "title": "誕生日おめでとう、薫ちゃん！",
            "comment": "",
            "creater": "甘夏",
            "created_at": "2018-09-10",
            "twitter_account": null
        }
    },
    {
        "model": "Albam.card",
        "pk": 2,
        "fields": {
            "albam": 3,
            "title": "メッセージカード by SAKi",
            "comment": "",
            "creater": "甘夏",
            "created_at": "2018-09-10",
            "twitter_account": null
        }
    },
    {
        "model": "Albam.card",
        "pk": 3,
        "fields": {
            "albam": 3,
            "title": "メッセージカード by ザン",
            "comment": "",
            "creater": "甘夏",
            "created_at": "2018-09-10",
            "twitter_account": null
        }
    },
    {
        "model": "Albam.card",
        "pk": 4,
        "fields": {
            "albam": 3,
            "title": "メッセージカード by ふらった",
            "comment": "",
            "creater": "甘夏",
            "created_at": "2018-09-10",
            "twitter_account": null
        }
    },
    {
        "model": "Albam.card",
        "pk": 5,
        "fields": {
            "albam": 3,
            "title": "メッセージカード by ゆっしー",
            "comment": "",
            "creater": "甘夏",
            "created_at": "2018-09-10",
            "twitter_account": null
        }
    },
    {
        "model": "Albam.card",
        "pk": 6,
        "fields": {
            "albam": 3,
            "title": "メッセージカード by 倖太",
            "comment": "",
            "creater": "甘夏",
            "created_at": "2018-09-10",
            "twitter_account": null
        }
    },
    {
        "model": "Albam.card",
        "pk": 7,
        "fields": {
            "albam": 3,
            "title": "メッセージカード by 甘夏",
            "comment": "",
            "creater": "甘夏",
            "created_at": "2018-09-10",
            "twitter_account": null
        }
    },
    {
        "model": "Albam.card",
        "pk": 8,
        "fields": {
            "albam": 3,
            "title": "メッセージカード by 愛媛のトルテ",
            "comment": "",
            "creater": "甘夏",
            "created_at": "2018-09-10",
            "twitter_account": null
        }
    },
    {
        "model": "Albam.card",
        "pk": 9,
        "fields": {
            "albam": 3,
            "title": "お祝いしてくれた方々！",
            "comment": "",
            "creater": "甘夏",
            "created_at": "2018-09-10",
            "twitter_account": null
        }
    },
    {
        "model": "Albam.card",
        "pk": 10,
        "fields": {
            "albam": 3,
            "title": "企画者など！",
            "comment": "",
            "creater": "甘夏",
            "created_at": "2018-09-10",
            "twitter_account": null
        }
    },
    {
        "model": "Albam.card",
        "pk": 11,
        "fields": {
            "albam": 3,
            "title": "締めコメント～",
            "comment": "",
            "creater": "甘夏",
            "created_at": "2018-09-10",
            "twitter_account": null
        }
    },
    {
        "model": "Albam.card",
        "pk": 12,
        "fields": {
            "albam": 4,
            "title": "誕生日おめでとう、ママ！",
            "comment": "",
            "creater": "甘夏",
            "created_at": "2018-09-02",
            "twitter_account": null
        }
    },
    {
        "model": "Albam.card",
        "pk": 13,
        "fields": {
            "albam": 4,
            "title": "メッセージカード by ザン",
            "comment": "",
            "creater": "甘夏",
            "created_at": "2018-09-02",
            "twitter_account": null
        }
    },
    {
        "model": "Albam.card",
        "pk": 14,
        "fields": {
            "albam": 4,
            "title": "メッセージカード by SAKi",
            "comment": "",
            "creater": "甘夏",
            "created_at": "2018-09-02",
            "twitter_account": null
        }
    },
    {
        "model": "Albam.card",
        "pk": 15,
        "fields": {
            "albam": 4,
            "title": "メッセージカード by ゆっしー",
            "comment": "",
            "creater": "甘夏",
            "created_at": "2018-09-02",
            "twitter_account": null
        }
    },
    {
        "model": "Albam.card",
        "pk": 16,
        "fields": {
            "albam": 4,
            "title": "メッセージカード by 倖太",
            "comment": "",
            "creater": "甘夏",
            "created_at": "2018-09-02",
            "twitter_account": null
        }
    },
    {
        "model": "Albam.card",
        "pk": 17,
        "fields": {
            "albam": 4,
            "title": "メッセージカード by ふらった",
            "comment": "",
            "creater": "甘夏",
            "created_at": "2018-09-02",
            "twitter_account": null
        }
    },
    {
        "model": "Albam.card",
        "pk": 18,
        "fields": {
            "albam": 4,
            "title": "メッセージカード by 愛媛のトルテ",
            "comment": "",
            "creater": "甘夏",
            "created_at": "2018-09-02",
            "twitter_account": null
        }
    },
    {
        "model": "Albam.card",
        "pk": 19,
        "fields": {
            "albam": 4,
            "title": "メッセージカード by 甘夏",
            "comment": "",
            "creater": "甘夏",
            "created_at": "2018-09-02",
            "twitter_account": null
        }
    },
    {
        "model": "Albam.card",
        "pk": 20,
        "fields": {
            "albam": 4,
            "title": "お祝いしてくれた方々！",
            "comment": "",
            "creater": "甘夏",
            "created_at": "2018-09-02",
            "twitter_account": null
        }
    },
    {
        "model": "Albam.card",
        "pk": 21,
        "fields": {
            "albam": 4,
            "title": "企画者など！",
            "comment": "",
            "creater": "甘夏",
            "created_at": "2018-09-02",
            "twitter_account": null
        }
    },
    {
        "model": "Albam.card",
        "pk": 22,
        "fields": {
            "albam": 4,
            "title": "締めコメント～",
            "comment": "",
            "creater": "甘夏",
            "created_at": "2018-09-02",
            "twitter_account": null
        }
    },
    {
        "model": "Albam.card",
        "pk": 23,
        "fields": {
            "albam": 5,
            "title": "ザンより",
            "comment": "ほい！馬場ちゃん！\r\n\r\n1枚目に諸々書いてるので割愛して\r\nこれからも頑張ってね👍\r\n花:ガーペラ\r\n花言葉: 希望 前進\r\nピンクのガーペラ\r\n花言葉: 感謝 崇高美",
            "creater": "ザン",
            "created_at": "2019-03-30",
            "twitter_account": null
        }
    },
    {
        "model": "Albam.card",
        "pk": 24,
        "fields": {
            "albam": 5,
            "title": "甘夏より",
            "comment": "馬場なつみさん、一年間お疲れ様でした！\r\n何度もツイートしてたりするので耳タコ(目タコ？)かとは思いますが！\r\n本当に馬場なつみさんに会えて！今！未来も！幸せでございます✨\r\nこれからもずっと応援しています😌❤️",
            "creater": "甘夏",
            "created_at": "2019-03-30",
            "twitter_account": null
        }
    },
    {
        "model": "Albam.card",
        "pk": 25,
        "fields": {
            "albam": 5,
            "title": "えとぴりかより",
            "comment": "",
            "creater": "えとぴりか",
            "created_at": "2019-03-30",
            "twitter_account": null
        }
    },
    {
        "model": "Albam.card",
        "pk": 26,
        "fields": {
            "albam": 5,
            "title": "Ri-S@りんずより",
            "comment": "馬場ちゃんへ。\r\nスクメロの生放送をきっかけに馬場ちゃんを知って、\r\n馬場ちゃんの一挙一動にドキドキしたりハラハラしたり、\r\n時に笑わせられたり涙させられました。\r\n馬場ちゃんありがとうね！！\r\nこれからも密やかながら応援してるのぜ☆！！",
            "creater": "Ri-S@りんず",
            "created_at": "2019-03-30",
            "twitter_account": null
        }
    },
    {
        "model": "Albam.card",
        "pk": 27,
        "fields": {
            "albam": 5,
            "title": "アルフィナより",
            "comment": "薫先輩がきっかけでしたが、\r\nこんなに楽しく応援してこれたのは、\r\n #馬場なつみ さん自身の魅力、才能、努力があったからこそです\r\n #馬場ちゃん今までありがとう \r\n今日から明日へ夢は終わらない！\r\nということで、#これからも応援します ！よ！\r\n\r\n（似顔絵もっと似せられるよう自分も1年がんばります！）",
            "creater": "アルフィナ",
            "created_at": "2019-03-30",
            "twitter_account": null
        }
    },
    {
        "model": "Albam.card",
        "pk": 28,
        "fields": {
            "albam": 5,
            "title": "どろんこ坊やより",
            "comment": "月並みなことしか言えないけれど大好きだよ🎶٩(๑❛ల❛๑)۶",
            "creater": "どろんこ坊や",
            "created_at": "2019-03-30",
            "twitter_account": null
        }
    },
    {
        "model": "Albam.card",
        "pk": 29,
        "fields": {
            "albam": 5,
            "title": "しろめだかより",
            "comment": "レグのお披露目から馬場ちゃんが提供してくれたものはたくさんあって\r\n僕も幸運な事にそこそこ見せてもらえて、\r\nそのどれもが楽しかったな〜って！\r\n\r\n稀有な歌声と可愛いイラスト、そして楽しむ力は才能！！つまり天才！！\r\nまたよろ卍！！",
            "creater": "しろめだか",
            "created_at": "2019-03-30",
            "twitter_account": null
        }
    },
    {
        "model": "Albam.card",
        "pk": 30,
        "fields": {
            "albam": 5,
            "title": "猫隊長より",
            "comment": "これまでもこれからも\r\nずっとずっと前へ進むあなたを見ていたい\r\nほんのひとときはおつかれさま\r\nでもその後退は明日のための助走だとあなたは言った\r\n未来に羽ばたくその姿をいつも応援しています",
            "creater": "猫隊長",
            "created_at": "2019-03-30",
            "twitter_account": null
        }
    },
    {
        "model": "Albam.card",
        "pk": 31,
        "fields": {
            "albam": 5,
            "title": "ながたいより",
            "comment": "レグルスから馬場ちゃんを知って\r\n今日までポコチャの配信などでたくさんの元気をもらいました！\r\n馬場ちゃんは覚えてないかもしれませんが、\r\n23/7のゲスト出演回の日に出演するツイートを見て\r\n23/7をやってないから見るか迷ってる時\r\n全然いいよ！ってコメント付きのリツイートで言ってくれたおかげで\r\n馬場ちゃんが演じたディードリッヒと郷御前にも出会えました！\r\n薫ちゃんだけなくこの2人を含めた素敵なキャラクターに出会わせてくれてありがとう！\r\n馬場ちゃんが次はどんなキャラクターを演じるのか楽しみです！今後の活動も楽しみです！\r\n根を詰めてあまり無理しすぎないでね。\r\n何か困ればみんながいます！\r\nこれからも頑張ってください！\r\n長文ありがとうございました！",
            "creater": "ながたい",
            "created_at": "2019-03-30",
            "twitter_account": null
        }
    },
    {
        "model": "Albam.card",
        "pk": 32,
        "fields": {
            "albam": 5,
            "title": "みやっちより",
            "comment": "俺からのメッセージ",
            "creater": "みやっち",
            "created_at": "2019-03-30",
            "twitter_account": null
        }
    },
    {
        "model": "Albam.card",
        "pk": 33,
        "fields": {
            "albam": 5,
            "title": "達也より",
            "comment": "水沢薫をキッカケに、\r\n馬場ちゃんワールドに気がつけば、ハマってました。\r\n歌声もダンスもトークもイラストも、スクメロで過ごした日々も\r\n全てがかけがえのない宝物になりました\r\nこれからも応援させて下さい！\r\nひとまずお疲れ様でしたまたね",
            "creater": "達也",
            "created_at": "2019-03-30",
            "twitter_account": null
        }
    },
    {
        "model": "Albam.card",
        "pk": 34,
        "fields": {
            "albam": 5,
            "title": "零式(エンヴィリア珠子騎士団)より",
            "comment": "馬場さんには基礎が無いのじゃなくて、大量の伸び代があるだけです！\r\nこれまで頑張った日々と、これから頑張る日々は、決して馬場さんを裏切らない！\r\nではまた、行ってらっしゃい😊\r\n\r\n#たくさん頑張ったよね\r\n#一度きりの奇跡じゃない",
            "creater": "零式",
            "created_at": "2019-03-30",
            "twitter_account": null
        }
    },
    {
        "model": "Albam.card",
        "pk": 35,
        "fields": {
            "albam": 5,
            "title": "あひるくんより",
            "comment": "スクメロきっかけで馬場ちゃんのことを知って\r\n23/7のイベでちゃんと覚えてるよーとか言ってもらえて凄くうれしかったですっ！\r\nこれからの馬場ちゃんの人生に幸あれ！\r\nそしてこれからも陰ながら応援してます！",
            "creater": "あひるくん",
            "created_at": "2019-03-30",
            "twitter_account": null
        }
    },
    {
        "model": "Albam.card",
        "pk": 36,
        "fields": {
            "albam": 5,
            "title": "ケロクマより",
            "comment": "スクメロでレグルスを知り、\r\n薫ちゃんそして馬場ちゃんに出会えた。\r\nこの出会いを大切にしたい。まさに一期一会\r\n\r\n本当にありがとうございました！\r\nお互い共に未来に向けて挑戦あるのみですね💪",
            "creater": "ケロクマ",
            "created_at": "2019-03-30",
            "twitter_account": null
        }
    },
    {
        "model": "Albam.card",
        "pk": 37,
        "fields": {
            "albam": 5,
            "title": "PN 幸音 コトハより",
            "comment": "2年間お疲れ様でした！\r\nこれからまた新しくスタートするわけだけど、\r\n苦しくても歩みを止めなければ、\r\nきっとその先に願う未来があるよ！\r\nこれからも応援してるよ！",
            "creater": "PN 幸音 コトハ",
            "created_at": "2019-03-30",
            "twitter_account": null
        }
    },
    {
        "model": "Albam.card",
        "pk": 38,
        "fields": {
            "albam": 5,
            "title": "あふろより",
            "comment": "スクメロをきっかけに馬場ちゃんを知って\r\nそれから生放送やライブでは沢山の笑いと元気を貰って\r\n馬場ちゃんの歌にトークにメロメロでした！\r\n馬場ちゃんの次のチャレンジも応援しています、頑張れー！！",
            "creater": "あふろ",
            "created_at": "2019-03-30",
            "twitter_account": null
        }
    },
    {
        "model": "Albam.card",
        "pk": 39,
        "fields": {
            "albam": 5,
            "title": "なないろ納豆より",
            "comment": "なつみちゃんと出逢って良い思い出がたくさん！！\r\n拙い文章でごめん🙇これからもずっと応援してるよ👍",
            "creater": "なないろ納豆",
            "created_at": "2019-03-30",
            "twitter_account": null
        }
    },
    {
        "model": "Albam.card",
        "pk": 40,
        "fields": {
            "albam": 5,
            "title": "りんかくより",
            "comment": "レグルス追いかけてた期間は目まぐるしく楽しく、大切な思い出です。\r\nまたTLを喧しくしに戻ってきて下さいませよ〜！\r\n何処からともなくニョキっと出てくるの楽しみにしてます。\r\n薫ちゃん共々お元気で、、またね！",
            "creater": "りんかく",
            "created_at": "2019-03-30",
            "twitter_account": null
        }
    },
    {
        "model": "Albam.card",
        "pk": 41,
        "fields": {
            "albam": 5,
            "title": "ゆっしーより",
            "comment": "",
            "creater": "ゆっしー",
            "created_at": "2019-03-30",
            "twitter_account": null
        }
    },
    {
        "model": "Albam.card",
        "pk": 42,
        "fields": {
            "albam": 5,
            "title": "T.orionより",
            "comment": "引き続き応援させていただきたいと思います。",
            "creater": "T.orion",
            "created_at": "2019-03-30",
            "twitter_account": null
        }
    },
    {
        "model": "Albam.card",
        "pk": 43,
        "fields": {
            "albam": 5,
            "title": "永月 涼より",
            "comment": "",
            "creater": "永月 涼",
            "created_at": "2019-03-30",
            "twitter_account": null
        }
    },
    {
        "model": "Albam.card",
        "pk": 44,
        "fields": {
            "albam": 5,
            "title": "SAKiより",
            "comment": "馬場ちゃんに出会えて良かったです！\r\nとにかく感謝！\r\nまだまだいなくならないという事なので、\r\n前に進む馬場ちゃんに負けないよう僕も頑張ります！\r\n\r\n#これからの旅路が繋がるように",
            "creater": "SAKi",
            "created_at": "2019-03-30",
            "twitter_account": null
        }
    },
    {
        "model": "Albam.card",
        "pk": 45,
        "fields": {
            "albam": 5,
            "title": "クイーン・オブ・ツナより",
            "comment": "馬場なつみさん、一年間お疲れ様でございました🐟\r\n怖いこと、不安なこと、困難はあると思いますが、\r\n水生生物代表として精一杯応援し、支えていきたいと思っています😊\r\n頑張ってくださいね。あなたの幸せは私の幸せです🐟",
            "creater": "クイーン・オブ・ツナ",
            "created_at": "2019-03-30",
            "twitter_account": null
        }
    },
    {
        "model": "Albam.card",
        "pk": 46,
        "fields": {
            "albam": 5,
            "title": "愛媛のトルテより",
            "comment": "なっちん おっ疲れ様なんだよー！！\r\nいっぱい書いた！ 本当にありがとう。\r\nこれからも頑張れ！\r\n仲良くしてね！れ！\r\n\r\n(黒板のはバイト前でちょっと焦って書いた←)",
            "creater": "愛媛のトルテ",
            "created_at": "2019-03-30",
            "twitter_account": null
        }
    },
    {
        "model": "Albam.picture",
        "pk": 1,
        "fields": {
            "card": 1,
            "picture": "images/Albam/top_baba_Xncnd7V.jpg"
        }
    },
    {
        "model": "Albam.picture",
        "pk": 2,
        "fields": {
            "card": 2,
            "picture": "images/Albam/message_saki.jpg"
        }
    },
    {
        "model": "Albam.picture",
        "pk": 3,
        "fields": {
            "card": 3,
            "picture": "images/Albam/message_zan.jpg"
        }
    },
    {
        "model": "Albam.picture",
        "pk": 4,
        "fields": {
            "card": 4,
            "picture": "images/Albam/message_huratta.jpg"
        }
    },
    {
        "model": "Albam.picture",
        "pk": 5,
        "fields": {
            "card": 5,
            "picture": "images/Albam/message_yusshi.jpg"
        }
    },
    {
        "model": "Albam.picture",
        "pk": 6,
        "fields": {
            "card": 6,
            "picture": "images/Albam/message_kota.jpg"
        }
    },
    {
        "model": "Albam.picture",
        "pk": 7,
        "fields": {
            "card": 7,
            "picture": "images/Albam/message_amanatsu.jpg"
        }
    },
    {
        "model": "Albam.picture",
        "pk": 8,
        "fields": {
            "card": 8,
            "picture": "images/Albam/message_torte.jpg"
        }
    },
    {
        "model": "Albam.picture",
        "pk": 9,
        "fields": {
            "card": 9,
            "picture": "images/Albam/commenter_kaoru.jpg"
        }
    },
    {
        "model": "Albam.picture",
        "pk": 10,
        "fields": {
            "card": 10,
            "picture": "images/Albam/sponsor_kaoru_R9kMLBl.jpg"
        }
    },
    {
        "model": "Albam.picture",
        "pk": 11,
        "fields": {
            "card": 11,
            "picture": "images/Albam/message_final.jpg"
        }
    },
    {
        "model": "Albam.picture",
        "pk": 12,
        "fields": {
            "card": 12,
            "picture": "images/Albam/top_kaoru.jpg"
        }
    },
    {
        "model": "Albam.picture",
        "pk": 13,
        "fields": {
            "card": 13,
            "picture": "images/Albam/zan_message.jpg"
        }
    },
    {
        "model": "Albam.picture",
        "pk": 14,
        "fields": {
            "card": 14,
            "picture": "images/Albam/saki_message.jpg"
        }
    },
    {
        "model": "Albam.picture",
        "pk": 15,
        "fields": {
            "card": 15,
            "picture": "images/Albam/yusshi_message_blue.jpg"
        }
    },
    {
        "model": "Albam.picture",
        "pk": 16,
        "fields": {
            "card": 16,
            "picture": "images/Albam/kota_message.jpg"
        }
    },
    {
        "model": "Albam.picture",
        "pk": 17,
        "fields": {
            "card": 17,
            "picture": "images/Albam/huratta_message.jpg"
        }
    },
    {
        "model": "Albam.picture",
        "pk": 18,
        "fields": {
            "card": 18,
            "picture": "images/Albam/torte_message.jpg"
        }
    },
    {
        "model": "Albam.picture",
        "pk": 19,
        "fields": {
            "card": 19,
            "picture": "images/Albam/amanatsu_message.jpg"
        }
    },
    {
        "model": "Albam.picture",
        "pk": 20,
        "fields": {
            "card": 20,
            "picture": "images/Albam/commenter_baba.jpg"
        }
    },
    {
        "model": "Albam.picture",
        "pk": 21,
        "fields": {
            "card": 21,
            "picture": "images/Albam/sponsor_baba.jpg"
        }
    },
    {
        "model": "Albam.picture",
        "pk": 22,
        "fields": {
            "card": 22,
            "picture": "images/Albam/final_message.jpg"
        }
    },
    {
        "model": "Albam.picture",
        "pk": 23,
        "fields": {
            "card": 23,
            "picture": "images/Albam/from_zan.jpg"
        }
    },
    {
        "model": "Albam.picture",
        "pk": 24,
        "fields": {
            "card": 23,
            "picture": "images/Albam/from_zan_1.jpg"
        }
    },
    {
        "model": "Albam.picture",
        "pk": 25,
        "fields": {
            "card": 24,
            "picture": "images/Albam/from_amanatsu.jpg"
        }
    },
    {
        "model": "Albam.picture",
        "pk": 26,
        "fields": {
            "card": 25,
            "picture": "images/Albam/from_etupirka.jpg"
        }
    },
    {
        "model": "Albam.picture",
        "pk": 27,
        "fields": {
            "card": 27,
            "picture": "images/Albam/from_alfina.jpg"
        }
    },
    {
        "model": "Albam.picture",
        "pk": 28,
        "fields": {
            "card": 28,
            "picture": "images/Albam/from_doronkoboy.jpg"
        }
    },
    {
        "model": "Albam.picture",
        "pk": 29,
        "fields": {
            "card": 29,
            "picture": "images/Albam/from_whitemedaka.jpg"
        }
    },
    {
        "model": "Albam.picture",
        "pk": 30,
        "fields": {
            "card": 30,
            "picture": "images/Albam/from_catCaptain.jpg"
        }
    },
    {
        "model": "Albam.picture",
        "pk": 31,
        "fields": {
            "card": 31,
            "picture": "images/Albam/from_nagatai.jpg"
        }
    },
    {
        "model": "Albam.picture",
        "pk": 32,
        "fields": {
            "card": 32,
            "picture": "images/Albam/from_miyachi.jpg"
        }
    },
    {
        "model": "Albam.picture",
        "pk": 33,
        "fields": {
            "card": 34,
            "picture": "images/Albam/from_zerotype.jpg"
        }
    },
    {
        "model": "Albam.picture",
        "pk": 34,
        "fields": {
            "card": 36,
            "picture": "images/Albam/from_kerokuma.jpg"
        }
    },
    {
        "model": "Albam.picture",
        "pk": 35,
        "fields": {
            "card": 36,
            "picture": "images/Albam/from_kerokuma_1.jpg"
        }
    },
    {
        "model": "Albam.picture",
        "pk": 36,
        "fields": {
            "card": 36,
            "picture": "images/Albam/from_kerokuma_2.jpg"
        }
    },
    {
        "model": "Albam.picture",
        "pk": 37,
        "fields": {
            "card": 36,
            "picture": "images/Albam/from_kerokuma_3.jpg"
        }
    },
    {
        "model": "Albam.picture",
        "pk": 38,
        "fields": {
            "card": 37,
            "picture": "images/Albam/from_kotoha.jpg"
        }
    },
    {
        "model": "Albam.picture",
        "pk": 39,
        "fields": {
            "card": 39,
            "picture": "images/Albam/from_nanaironatto.jpg"
        }
    },
    {
        "model": "Albam.picture",
        "pk": 40,
        "fields": {
            "card": 39,
            "picture": "images/Albam/from_nanaironatto_1.jpg"
        }
    },
    {
        "model": "Albam.picture",
        "pk": 41,
        "fields": {
            "card": 41,
            "picture": "images/Albam/from_yussy.jpg"
        }
    },
    {
        "model": "Albam.picture",
        "pk": 42,
        "fields": {
            "card": 42,
            "picture": "images/Albam/from_torion.jpg"
        }
    },
    {
        "model": "Albam.picture",
        "pk": 43,
        "fields": {
            "card": 43,
            "picture": "images/Albam/from_nagatsuki.jpg"
        }
    },
    {
        "model": "Albam.picture",
        "pk": 44,
        "fields": {
            "card": 44,
            "picture": "images/Albam/from_saki.jpg"
        }
    },
    {
        "model": "Albam.picture",
        "pk": 45,
        "fields": {
            "card": 46,
            "picture": "images/Albam/from_torte.jpg"
        }
    },
    {
        "model": "Albam.picture",
        "pk": 46,
        "fields": {
            "card": 46,
            "picture": "images/Albam/from_torte_1.jpg"
        }
    },
    {
        "model": "Albam.picture",
        "pk": 47,
        "fields": {
            "card": 46,
            "picture": "images/Albam/from_torte_2.jpg"
        }
    },
    {
        "model": "Albam.picture",
        "pk": 48,
        "fields": {
            "card": 46,
            "picture": "images/Albam/from_torte_3.jpg"
        }
    },
    {
        "model": "Albam.photo",
        "pk": 4,
        "fields": {
            "albam_id": 3,
            "photo": "images/Albam/top_baba_Xncnd7V.jpg",
            "title": "誕生日おめでとう、薫ちゃん！",
            "creater": "甘夏",
            "created_at": "2018-09-10"
        }
    },
    {
        "model": "Albam.photo",
        "pk": 5,
        "fields": {
            "albam_id": 3,
            "photo": "images/Albam/message_saki.jpg",
            "title": "メッセージカード by SAKi",
            "creater": "甘夏",
            "created_at": "2018-09-10"
        }
    },
    {
        "model": "Albam.photo",
        "pk": 6,
        "fields": {
            "albam_id": 3,
            "photo": "images/Albam/message_zan.jpg",
            "title": "メッセージカード by ザン",
            "creater": "甘夏",
            "created_at": "2018-09-10"
        }
    },
    {
        "model": "Albam.photo",
        "pk": 7,
        "fields": {
            "albam_id": 3,
            "photo": "images/Albam/message_huratta.jpg",
            "title": "メッセージカード by ふらった",
            "creater": "甘夏",
            "created_at": "2018-09-10"
        }
    },
    {
        "model": "Albam.photo",
        "pk": 8,
        "fields": {
            "albam_id": 3,
            "photo": "images/Albam/message_yusshi.jpg",
            "title": "メッセージカード by ゆっしー",
            "creater": "甘夏",
            "created_at": "2018-09-10"
        }
    },
    {
        "model": "Albam.photo",
        "pk": 9,
        "fields": {
            "albam_id": 3,
            "photo": "images/Albam/message_kota.jpg",
            "title": "メッセージカード by 倖太",
            "creater": "甘夏",
            "created_at": "2018-09-10"
        }
    },
    {
        "model": "Albam.photo",
        "pk": 10,
        "fields": {
            "albam_id": 3,
            "photo": "images/Albam/message_amanatsu.jpg",
            "title": "メッセージカード by 甘夏",
            "creater": "甘夏",
            "created_at": "2018-09-10"
        }
    },
    {
        "model": "Albam.photo",
        "pk": 11,
        "fields": {
            "albam_id": 3,
            "photo": "images/Albam/message_torte.jpg",
            "title": "メッセージカード by 愛媛のトルテ",
            "creater": "甘夏",
            "created_at": "2018-09-10"
        }
    },
    {
        "model": "Albam.photo",
        "pk": 12,
        "fields": {
            "albam_id": 3,
            "photo": "images/Albam/commenter_kaoru.jpg",
            "title": "お祝いしてくれた方々！",
            "creater": "甘夏",
            "created_at": "2018-09-10"
        }
    },
    {
        "model": "Albam.photo",
        "pk": 13,
        "fields": {
            "albam_id": 3,
            "photo": "images/Albam/sponsor_kaoru_R9kMLBl.jpg",
            "title": "企画者など！",
            "creater": "甘夏",
            "created_at": "2018-09-10"
        }
    },
    {
        "model": "Albam.photo",
        "pk": 14,
        "fields": {
            "albam_id": 3,
            "photo": "images/Albam/message_final.jpg",
            "title": "締めコメント～",
            "creater": "甘夏",
            "created_at": "2018-09-10"
        }
    },
    {
        "model": "Albam.photo",
        "pk": 15,
        "fields": {
            "albam_id": 4,
            "photo": "images/Albam/top_kaoru.jpg",
            "title": "誕生日おめでとう、ママ！",
            "creater": "甘夏",
            "created_at": "2018-08-02"
        }
    },
    {
        "model": "Albam.photo",
        "pk": 16,
        "fields": {
            "albam_id": 4,
            "photo": "images/Albam/zan_message.jpg",
            "title": "メッセージカード by ザン",
            "creater": "甘夏",
            "created_at": "2018-08-02"
        }
    },
    {
        "model": "Albam.photo",
        "pk": 17,
        "fields": {
            "albam_id": 4,
            "photo": "images/Albam/saki_message.jpg",
            "title": "メッセージカード by SAKi",
            "creater": "甘夏",
            "created_at": "2018-08-02"
        }
    },
    {
        "model": "Albam.photo",
        "pk": 18,
        "fields": {
            "albam_id": 4,
            "photo": "images/Albam/yusshi_message_blue.jpg",
            "title": "メッセージカード by ゆっしー",
            "creater": "甘夏",
            "created_at": "2018-08-02"
        }
    },
    {
        "model": "Albam.photo",
        "pk": 19,
        "fields": {
            "albam_id": 4,
            "photo": "images/Albam/kota_message.jpg",
            "title": "メッセージカード by 倖太",
            "creater": "甘夏",
            "created_at": "2018-08-02"
        }
    },
    {
        "model": "Albam.photo",
        "pk": 20,
        "fields": {
            "albam_id": 4,
            "photo": "images/Albam/huratta_message.jpg",
            "title": "メッセージカード by ふらった",
            "creater": "甘夏",
            "created_at": "2018-08-02"
        }
    },
    {
        "model": "Albam.photo",
        "pk": 21,
        "fields": {
            "albam_id": 4,
            "photo": "images/Albam/torte_message.jpg",
            "title": "メッセージカード by 愛媛のトルテ",
            "creater": "甘夏",
            "created_at": "2018-08-02"
        }
    },
    {
        "model": "Albam.photo",
        "pk": 22,
        "fields": {
            "albam_id": 4,
            "photo": "images/Albam/amanatsu_message.jpg",
            "title": "メッセージカード by 甘夏",
            "creater": "甘夏",
            "created_at": "2018-08-02"
        }
    },
    {
        "model": "Albam.photo",
        "pk": 23,
        "fields": {
            "albam_id": 4,
            "photo": "images/Albam/commenter_baba.jpg",
            "title": "お祝いしてくれた方々！",
            "creater": "甘夏",
            "created_at": "2018-08-02"
        }
    },
    {
        "model": "Albam.photo",
        "pk": 24,
        "fields": {
            "albam_id": 4,
            "photo": "images/Albam/sponsor_baba.jpg",
            "title": "企画者など！",
            "creater": "甘夏",
            "created_at": "2018-08-02"
        }
    },
    {
        "model": "Albam.photo",
        "pk": 25,
        "fields": {
            "albam_id": 4,
            "photo": "images/Albam/final_message.jpg",
            "title": "締めコメント～",
            "creater": "甘夏",
            "created_at": "2018-08-02"
        }
    }
]